T Loss,T Top-1,V Loss,V Top-1,ParameterScale
5.142139938108645,2.2863983141271875,5.862665830993652,0.56
4.749935075049211,6.8528595817328215,6.669183547973633,0.76
4.455062036782923,11.545694622279129,6.417115755462646,1.63
4.245046176617338,15.364916773367478,6.741532971954346,0.6
4.112611700009953,17.793693982074263,7.210869798278809,0.36
4.018595089222496,19.840015471617583,7.041342617034912,0.55
3.9258108019981433,21.62358621425523,7.139690148925781,0.52
3.8611614091549984,23.0510430004268,7.227045346832275,0.73
3.784935311786751,24.627880921895006,7.3462675827026365,0.33
3.7326853406566665,25.724565194195478,7.528060493469238,0.59
3.6640395224730375,27.237049189073836,7.361381340789795,0.44
3.6030992671968183,28.370078425096033,7.374793634033203,0.56
3.5369586484634716,29.734181604780197,7.622690997314453,0.43
3.480725779270851,31.177643512590695,7.895469213867187,0.46
3.4049093143277527,33.15027475458813,7.373906224060058,0.7
3.368006328207481,34.54805537772087,7.19106508102417,0.83
3.3244314726936577,35.095563913785746,7.459043988037109,0.79
3.2566606387896666,36.535357981220656,7.589708140563965,0.51
3.227906858315592,37.33261310285958,7.382147795104981,0.71
3.210368718238046,37.52234048228767,7.938333239746094,0.55
3.185572531199893,38.36227592829705,7.621350360107422,0.51
3.1204968776857553,39.563660371318825,7.852599694824219,0.64
3.113055450917308,40.13717723004695,7.694140388488769,0.59
3.120201228471887,39.97946009389671,7.659471125793457,0.66
3.087354345653386,40.82439714041827,7.975357255554199,0.53
3.046679917177582,42.0654609475032,7.508493886566162,0.79
3.0531516474024945,41.67600298762271,7.628181744384766,0.77
